{
    "swagger": "2.0",
    "info": {
        "description": "This is a registration api for an application.",
        "title": "Registration API",
        "contact": {},
        "version": "1.0"
    },
    "basePath": "/api/v1",
    "paths": {
        "/user/login": {
            "post": {
                "description": "Allows users to login into their account.",
                "consumes": [
                    "application/json"
                ],
                "produces": [
                    "application/json"
                ],
                "tags": [
                    "user"
                ],
                "summary": "Login route",
                "parameters": [
                    {
                        "description": "User's email and password",
                        "name": "Body",
                        "in": "body",
                        "required": true,
                        "schema": {
                            "$ref": "#/definitions/doc_model.Login"
                        }
                    }
                ],
                "responses": {
                    "201": {
                        "description": "Successful response : Bearer \\\u003ctoken\\\u003e",
                        "schema": {
                            "$ref": "#/definitions/doc_model.SuccessResponse"
                        }
                    },
                    "400": {
                        "description": "Invalid JSON data, Invalid Email",
                        "schema": {
                            "$ref": "#/definitions/doc_model.ErrorResponse"
                        }
                    },
                    "401": {
                        "description": "Please Verify Your Account, Invalid Credentials",
                        "schema": {
                            "$ref": "#/definitions/doc_model.ErrorResponse"
                        }
                    },
                    "404": {
                        "description": "User is not registered",
                        "schema": {
                            "$ref": "#/definitions/doc_model.ErrorResponse"
                        }
                    },
                    "422": {
                        "description": "Please Verify Your Account",
                        "schema": {
                            "$ref": "#/definitions/doc_model.ErrorResponse"
                        }
                    },
                    "500": {
                        "description": "Internal server error",
                        "schema": {
                            "$ref": "#/definitions/doc_model.ErrorResponse"
                        }
                    }
                }
            }
        },
        "/user/otp": {
            "post": {
                "description": "Allows users to validate OTP and complete the registration process.",
                "consumes": [
                    "application/json"
                ],
                "produces": [
                    "application/json"
                ],
                "tags": [
                    "user"
                ],
                "summary": "Validation route",
                "parameters": [
                    {
                        "description": "User's email address and otp",
                        "name": "Body",
                        "in": "body",
                        "required": true,
                        "schema": {
                            "$ref": "#/definitions/doc_model.OTP"
                        }
                    }
                ],
                "responses": {
                    "200": {
                        "description": "Successful response : Bearer \\\u003ctoken\\\u003e",
                        "schema": {
                            "$ref": "#/definitions/doc_model.SuccessResponse"
                        }
                    },
                    "400": {
                        "description": "Invalid JSON data, Invalid Email",
                        "schema": {
                            "$ref": "#/definitions/doc_model.ErrorResponse"
                        }
                    },
                    "401": {
                        "description": "Invalid OTP, User Already Verified",
                        "schema": {
                            "$ref": "#/definitions/doc_model.ErrorResponse"
                        }
                    },
                    "404": {
                        "description": "User Not Found",
                        "schema": {
                            "$ref": "#/definitions/doc_model.ErrorResponse"
                        }
                    },
                    "500": {
                        "description": "Internal Server Error",
                        "schema": {
                            "$ref": "#/definitions/doc_model.ErrorResponse"
                        }
                    }
                }
            }
        },
        "/user/register": {
            "post": {
                "description": "Allows users to create a new account.",
                "consumes": [
                    "application/json"
                ],
                "produces": [
                    "application/json"
                ],
                "tags": [
                    "user"
                ],
                "summary": "Register route",
                "parameters": [
                    {
                        "description": "User's firstname, lastname, middlename, email, password",
                        "name": "user",
                        "in": "body",
                        "required": true,
                        "schema": {
                            "$ref": "#/definitions/doc_model.Register"
                        }
                    }
                ],
                "responses": {
                    "201": {
                        "description": "Successful response : User Model",
                        "schema": {
                            "$ref": "#/definitions/domain.User"
                        }
                    },
                    "400": {
                        "description": "Invalid JSON data, Invalid Email",
                        "schema": {
                            "$ref": "#/definitions/doc_model.ErrorResponse"
                        }
                    },
                    "409": {
                        "description": "User already exists",
                        "schema": {
                            "$ref": "#/definitions/doc_model.ErrorResponse"
                        }
                    },
                    "422": {
                        "description": "Please provide with sufficient credentials",
                        "schema": {
                            "$ref": "#/definitions/doc_model.ErrorResponse"
                        }
                    },
                    "500": {
                        "description": "Internal Server Error, Error in inserting the document, Error in hashing password, Error While generating OTP",
                        "schema": {
                            "$ref": "#/definitions/doc_model.ErrorResponse"
                        }
                    }
                }
            }
        }
    },
    "definitions": {
        "doc_model.ErrorResponse": {
            "type": "object",
            "properties": {
                "error": {
                    "type": "string"
                }
            }
        },
        "doc_model.Login": {
            "type": "object",
            "required": [
                "email",
                "password"
            ],
            "properties": {
                "email": {
                    "type": "string"
                },
                "password": {
                    "type": "string"
                }
            }
        },
        "doc_model.OTP": {
            "type": "object",
            "properties": {
                "email": {
                    "type": "string"
                },
                "otp": {
                    "type": "string"
                }
            }
        },
        "doc_model.Register": {
            "type": "object",
            "required": [
                "email",
                "first_name",
                "last_name",
                "password"
            ],
            "properties": {
                "email": {
                    "type": "string"
                },
                "first_name": {
                    "type": "string"
                },
                "last_name": {
                    "type": "string"
                },
                "middle_name": {
                    "type": "string"
                },
                "password": {
                    "type": "string"
                }
            }
        },
        "doc_model.SuccessResponse": {
            "type": "object",
            "properties": {
                "token": {
                    "type": "string"
                }
            }
        },
        "domain.User": {
            "type": "object",
            "properties": {
                "email": {
                    "type": "string"
                },
                "firstname": {
                    "type": "string"
                },
                "lastname": {
                    "type": "string"
                },
                "middlename": {
                    "type": "string"
                },
                "password": {
                    "type": "string"
                }
            }
        }
    }
}